<?xml version="1.0" encoding="UTF-8"?>
<project-private xmlns="http://www.netbeans.org/ns/project-private/1">
    <editor-bookmarks xmlns="http://www.netbeans.org/ns/editor-bookmarks/2" lastBookmarkId="0"/>
    <open-files xmlns="http://www.netbeans.org/ns/projectui-open-files/2">
        <group>
            <file>file:/C:/xampp/htdocs/JPSystem/controls/login.php</file>
            <file>file:/C:/xampp/htdocs/JPSystem/views/dashboard.php</file>
            <file>file:/C:/xampp/htdocs/JPSystem/index.php</file>
            <file>file:/C:/xampp/htdocs/JPSystem/controls/cadastro_login.php</file>
            <file>file:/C:/xampp/htdocs/JPSystem/controls/session.php</file>
            <file>file:/C:/xampp/htdocs/JPSystem/css/index.css</file>
            <file>file:/C:/xampp/htdocs/JPSystem/assets/css/login-register.css</file>
        </group>
    </open-files>
</project-private>
